table,row_id,column,match_count_in_row,context_snippet,recommended_action
briefs,SPR-2026-7626,body_markdown,1,"…s GO/NO-GO explicites, permettant une gestion du risque.; Potentiel de rupture scientifique élevé : découverte d'un mécanisme intrinsèque d'auto-réparation pourrait révolutionner la conception de cata…",TBD
briefs,SPR-2026-CDCD,body_markdown,1,…eux) en cours. Il finance précisément l'exploration du potentiel d'innovation et de transfert d'une découverte issue de la recherche fondamentale (comme l'algorithme d'origine sur arXiv) vers une appl…,TBD
briefs,SPR-2026-7516,body_markdown,1,…Advanced). Ce programme finance précisément l'exploration du potentiel commercial ou sociétal d'une découverte issue d'un ERC. L'idée du circuit AND-gate pour le contrôle spatial pourrait provenir d'u…,TBD
briefs,SPR-2026-28B2,body_markdown,3,"…e catalyseurs (Johnson Matthey, Clariant), cherchant à réduire drastiquement le temps et le coût de découverte de nouveaux matériaux. - L'avantage compétitif est double : une réduction d'un ordre de g…",TBD
briefs,SPR-2026-3B42,body_markdown,1,"…on musculaire (par exemple, le rôle des HDAC dans la myogenèse). Proposer une collision revient à redécouvrir des connexions déjà documentées, sans apport conceptuel nouveau. ## Pistes de recombinais…",TBD
briefs,SPR-2026-549E,body_markdown,1,"…étales sur des cellules musculaires, relèvent de la biologie cellulaire de base et n'offrent pas de découverte non triviale. En bref, les deux champs partagent un objectif commun — réparer un tissu —…",TBD
briefs,SPR-2026-35F1,body_markdown,1,…d'or ou la signalisation HGF/MET) sont utilisés pour valider des mécanismes que l'hypothèse prétend découvrir. Il manque des références critiques sur les limites de PROGENy (ex : sensibilité aux bruit…,TBD
briefs,SPR-2026-A79D,body_markdown,1,"…omme antioxydant dans le muscle – est déjà connu et exploité dans les deux champs. Ce n'est pas une découverte à faire, c'est un fait établi. La vitamine E protège les membranes cellulaires du stress…",TBD
briefs,SPR-2026-7626,vulgarization_data,1,"…atalyseurs pouvaient se réparer tout seuls ?"", ""hypothesis_in_brief"": ""Des chercheurs pensent avoir découvert un mécanisme d'auto-réparation chez certains catalyseurs, ces matériaux qui accélèrent les…",TBD
briefs,SPR-2026-7C1B,vulgarization_data,2,"…stes, des capteurs ultra-sensibles ou des supraconducteurs à température ambiante. Actuellement, on découvre ces matériaux un peu par hasard. Cette approche vise à les concevoir sur mesure, accélérant…",TBD
briefs,SPR-2026-7626,panel_data,1,"…GO/NO-GO explicites, permettant une gestion du risque."", ""Potentiel de rupture scientifique élevé : découverte d'un mécanisme intrinsèque d'auto-réparation pourrait révolutionner la conception de cata…",TBD
briefs,SPR-2026-CDCD,panel_data,1,…eux) en cours. Il finance précisément l'exploration du potentiel d'innovation et de transfert d'une découverte issue de la recherche fondamentale (comme l'algorithme d'origine sur arXiv) vers une appl…,TBD
briefs,SPR-2026-B172,panel_data,1,"…e 2).""], ""weaknesses"": [""Le chemin vers un produit commercial est extrêmement long et incertain. La découverte, même validée, reste un mécanisme fondamental chez Arabidopsis. Le transfert vers une cul…",TBD
hypotheses,SPORE-2026-04-04-3c6a9907,impact_analysis_json,1,"…dessiner des circuits électroniques en temps réel avec un simple voltage."",""impact_concret"":""Cette découverte permettrait de créer des puces électroniques reconfigurables à la volée, des mémoires ult…",TBD
hypotheses,SPORE-2026-04-05-8cc083dd,impact_analysis_json,1,"…ne recette universelle pour fabriquer des matériaux qui s'auto-organisent."",""impact_concret"":""Cette découverte permettrait de concevoir des matériaux intelligents qui s'assemblent automatiquement selo…",TBD
hypotheses,SPORE-2026-04-05-f1235a6d,impact_analysis_json,1,"…""Des algorithmes inspirés des abeilles pourraient révolutionner l'analyse génétique et accélérer la découverte de médicaments.""}",TBD
hypotheses,SPORE-2026-04-06-a4a189d0,impact_analysis_json,3,"…nditions pour les stabiliser."",""impact_concret"":""Cette approche pourrait accélérer drastiquement la découverte de médicaments en permettant de déterminer plus facilement la structure 3D des protéines.…",TBD
hypotheses,SPORE-2026-04-06-75fd0df9,impact_analysis_json,1,"…rication de médicaments et de matériaux beaucoup plus précise et efficace."",""impact_concret"":""Cette découverte permettrait de fabriquer des médicaments avec moins d'effets secondaires, de réduire dras…",TBD
hypotheses,SPORE-2026-04-06-e5993ab9,impact_analysis_json,1,"…ique et prédictive."",""score_impact"":""significatif"",""one_liner"":""Des statistiques intelligentes pour découvrir 5 fois plus vite les matériaux révolutionnaires qui remplaceront nos climatiseurs polluant…",TBD
hypotheses,SPORE-2026-04-07-36e763cf,impact_analysis_json,4,"…uire, atome par atome, des matériaux quantiques aux propriétés sur mesure. C'est comme passer de la découverte fortuite de matériaux à leur impression 3D avec des propriétés électriques ou magnétiques…",TBD
hypotheses,SPORE-2026-04-08-112fd916,impact_analysis_json,3,"…dies neurodégénératives) perturbent la production de protéines dans les cellules. On pourrait ainsi découvrir de nouveaux médicaments plus ciblés et efficaces, développer des diagnostics plus précoces…",TBD
hypotheses,SPORE-2026-04-09-c51a7027,impact_analysis_json,1,"…es pratiques, capables de résoudre des problèmes impossibles aujourd'hui. Cela se traduirait par la découverte de nouveaux médicaments et matériaux en quelques jours au lieu d'années, des prévisions m…",TBD
hypotheses,SPORE-2026-04-13-cab8b3d4,impact_analysis_json,1,"…ec des exemples, mais aussi en respectant les lois de la physique de la lumière. Cela lui permet de découvrir des formes bizarres et ultra-efficaces beaucoup plus vite qu'avec les méthodes actuelles.""…",TBD
hypotheses,SPORE-2026-04-14-4ff294dd,impact_analysis_json,3,"…sine, on peut enfin dessiner son vrai plan de cause à effet."",""impact_concret"":""Cela permettrait de découvrir les véritables causes des maladies comme le cancer ou Alzheimer, en identifiant les 'inter…",TBD
hypotheses,SPORE-2026-04-15-1f67d00b,impact_analysis_json,1,"{""vulgarisation"":""Des chercheurs ont découvert que les champignons utilisent un interrupteur biologique précis pour forcer certaines de l…",TBD
hypotheses,SPORE-2026-04-16-bee1b9b6,impact_analysis_json,1,"…ur chacune, ce qui coûte très cher. Cette hypothèse propose d'utiliser des outils statistiques pour découvrir quelles pièces doivent être vraiment parfaites et lesquelles peuvent être un peu moins pré…",TBD
hypotheses,SPORE-2026-04-16-4d940e1f,impact_analysis_json,1,"…ge pour l'IA, plus efficaces et moins gourmands en énergie. Ces algorithmes pourraient accélérer la découverte de médicaments en simulant mieux le cerveau, améliorer les robots pour qu'ils s'adaptent…",TBD
hypotheses,SPORE-2026-04-17-45684183,impact_analysis_json,1,"…oute la population qui coopère pour renforcer les connexions les plus utiles, comme une colonie qui découvre la route optimale."",""impact_concret"":""Cela permettrait de créer des intelligences artificie…",TBD
hypotheses,SPORE-2026-04-17-a5a0ad91,impact_analysis_json,1,"…travail à chaque étape, comme un chef qui goûte son plat après chaque ingrédient ajouté. Au lieu de découvrir un défaut à la fin et de devoir tout jeter, l'imprimante détecte et corrige les erreurs en…",TBD
hypotheses,SPORE-2026-04-18-7a54c86f,impact_analysis_json,1,"…voir trouvé la meilleure solution. Cette méthode apporterait une certitude mathématique et pourrait découvrir des designs impossibles à trouver avec les méthodes actuelles."",""score_impact"":""significat…",TBD
hypotheses,SPORE-2026-04-19-a0b4f2ba,impact_analysis_json,2,…permettant aux médecins d'adapter les thérapies plus vite. Cela accélérerait aussi radicalement la découverte de nouveaux médicaments en permettant de tester et de comprendre l'évolution des microbes…,TBD
hypotheses,SPORE-2026-04-19-33af6532,impact_analysis_json,2,"…e les fronts froids), ce qui peut manquer des signaux subtils ou nouveaux. Cette IA ferait mieux en découvrant automatiquement, dans la masse de données, des motifs précurseurs que l'œil humain ne sai…",TBD
hypotheses,SPORE-2026-04-20-d5ca181d,impact_analysis_json,1,"…est colossal)"",""horizon_temporel"":""Moyen terme (3-10 ans)"",""solutions_existantes"":""Aujourd'hui, on découvre ces catalyseurs par essais et erreurs coûteux, ou avec des modèles théoriques simplifiés qu…",TBD
hypotheses,SPORE-2026-04-21-37423fce,impact_analysis_json,1,"…s différentes formes d'Alzheimer, pour analyser les tests respiratoires des patients. Le but est de découvrir qu'il existe en réalité plusieurs 'sous-types' de la maladie, comme différents modèles de…",TBD
hypotheses,SPORE-2026-04-23-b9193fa7,impact_analysis_json,1,"…llution)""],""taille_marche_estimee"":""Milliards d'euros (le marché des enzymes industrielles et de la découverte de médicaments est immense)."",""horizon_temporel"":""Moyen terme (3-10 ans)"",""solutions_exis…",TBD
hypotheses,SPORE-2026-04-24-e642b349,impact_analysis_json,1,"…tomiques pour prédire les synergies, réduisant le nombre d'expériences nécessaires et accélérant la découverte de traitements efficaces."",""score_impact"":""transformatif"",""one_liner"":""Un algorithme qui…",TBD
hypotheses,SPORE-2026-04-24-774cf218,impact_analysis_json,1,"…réagissent au stress ou à la réparation."",""impact_concret"":""Cette technologie pourrait accélérer la découverte de traitements contre la fonte musculaire (sarcopénie, cachexie) et améliorer la médecine…",TBD
hypotheses,SPORE-2026-04-27-54ee4975,impact_analysis_json,1,"…n'a pas le même goût selon la soupe dans laquelle on le met."",""impact_concret"":""Si confirmée, cette découverte permettrait de prédire et de corriger les troubles du rythme circadien (insomnie, jet-lag…",TBD
hypotheses,SPORE-2026-04-06-a4a189d0,auto_feedback_json,2,"…ellement significatif mais l'affirmation selon laquelle cela pourrait 'diviser par deux le temps de découverte des médicaments' semble exagérée, car la détermination des structures n'est qu'une étape…",TBD
hypotheses,SPORE-2026-04-06-e5993ab9,auto_feedback_json,2,"…intéressant"",""comment"":""L'idée d'appliquer des méthodes statistiques d'optimisation (DoE, RSM) à la découverte de matériaux RTX est méthodologiquement solide et correspond à une tendance actuelle en s…",TBD
hypotheses,SPORE-2026-04-19-33af6532,auto_feedback_json,1,"…titatives et falsifiables. Cependant, le gap épistémique concernant le lien causal entre les motifs découverts et les phénomènes météorologiques, ainsi qu'un score composite juste à la limite, empêche…",TBD
